"title";"link";"size"
"MICROSOFT_PRESS_EBOOK_DEPLOYING_WINDOWS_10_PDF.PDF";"http://ligman.me/29ngkYn";"5.2MB"
"MICROSOFT_PRESS_EBOOK_DEPLOYING_WINDOWS_10_EPUB.EPUB";"http://ligman.me/29jL5wW";"6.8MB"
"MICROSOFT_PRESS_EBOOK_DEPLOYING_WINDOWS_10_MOBI.MOBI";"http://ligman.me/29afIRV";"15.9MB"
"MICROSOFT_PRESS_EBOOK_INTRODUCING_WINDOWS_10_PDF.PDF";"http://ligman.me/29pyHgR";"15.8MB"
"MICROSOFT_PRESS_EBOOK_INTRODUCING_WINDOWS_10_EPUB.EPUB";"http://ligman.me/29dmbfC";"15.7MB"
"MICROSOFT_PRESS_EBOOK_INTRODUCING_WINDOWS_10_MOBI.MOBI";"http://ligman.me/29ollRF";"38.7MB"
"MICROSOFT_PRESS_EBOOK_WINDOWS_10_TOOLS_8.5X11.PDF";"http://ligman.me/29gvv67";"9.6MB"
"MICROSOFT_PRESS_EBOOK_WINDOWS_10_TOOLS_MOBILE-ONLY.PDF";"http://ligman.me/29pzkHg";"8.7MB"
"Windows-10-Volume-Licensing-Guide.pdf";"http://ligman.me/29CWQ20";"0.4MB"
"<unavailable>";"http://ligman.me/1G0Cm7T";"<null>"
"Microsoft MADP Whitepaper.pdf";"http://ligman.me/29vDVrw";"2.5MB"
"<unavailable>";"http://ligman.me/29CW4SV";"<null>"
"<unavailable>";"http://ligman.me/29G1z1N";"<null>"
"<unavailable>";"http://ligman.me/29yWAAO";"<null>"
"Accessibility-guide-for-educators-v5.pdf";"http://ligman.me/29DHWHq";"1.4MB"
"Azure-AD-Windows-10-better-together.docx";"http://ligman.me/1HGwMgm";"5.4MB"
"Better_Together_WIn_10_EMS datasheet.pdf";"http://ligman.me/29yUVeH";"0.3MB"
"<unavailable>";"http://ligman.me/29ErxWs";"<null>"
"<unavailable>";"http://ligman.me/29EsHkr";"<null>"
"<unavailable>";"http://ligman.me/29v5zCF";"<null>"
"<unavailable>";"http://ligman.me/1H32nUT";"<null>"
"<unavailable>";"http://ligman.me/29yixk9";"<null>"
"<unavailable>";"http://ligman.me/29vq6d2";"<null>"
"MICROSOFT_PRESS_EBOOK_INTRODUCING_WINDOWS_8_PDF.PDF";"http://ligman.me/29cvrjG";"8.4MB"
"MICROSOFT_PRESS_EBOOK_INTRODUCING_WINDOWS_8_EPUB.EPUB";"http://ligman.me/29pzjTR";"9MB"
"MICROSOFT_PRESS_EBOOK_INTRODUCING_WINDOWS_8_MOBI.MOBI";"http://ligman.me/29rPOf6";"15.2MB"
"MICROSOFT_PRESS_EBOOK_INTRODUCING_WINDOWS_ITPRO_PDF.PDF";"http://ligman.me/29ctW9z";"10.9MB"
"MICROSOFT_PRESS_EBOOK_INTRODUCING_WINDOWS_ITPRO_EPUB.EPUB";"http://ligman.me/29gvoHt";"21.4MB"
"MICROSOFT_PRESS_EBOOK_INTRODUCING_WINDOWS_ITPRO_MOBI.MOBI";"http://ligman.me/29gvfEd";"39.2MB"
"MicrosoftDeploymentToolkit2013_x64.msi";"http://ligman.me/29LvcBg";"19.2MB"
"MicrosoftDeploymentToolkit2013_x86.msi";"http://ligman.me/29DS3gJ";"18.7MB"
"Win8_Accessibility_Tutorials.doc";"http://ligman.me/1q9L65I";"4.8MB"
"Microsoft_Press_ebook_Introducing_Power_BI_PDF.pdf";"http://ligman.me/29pufLO";"12.4MB"
"<unavailable>";"http://ligman.me/29wODdA";"<null>"
"<unavailable>";"http://ligman.me/29vch9q";"<null>"
"<unavailable>";"http://ligman.me/29EmfZc";"<null>"
"<unavailable>";"http://ligman.me/29LXmMt";"<null>"
"Power BI technical guides.zip";"http://ligman.me/29qwKfQ";"140.5MB"
"<unavailable>";"http://ligman.me/29sp3nZ";"<null>"
"<unavailable>";"http://ligman.me/29yWFFf";"<null>"
"<unavailable>";"http://ligman.me/29ZNaMN";"<null>"
"Microsoft_Press_eBook_Migrating_SQL_Server_Databases_to_Azure_8.5x11.pdf";"http://ligman.me/29gYy5h";"11.7MB"
"Microsoft_Press_eBook_Migrating_SQL_Server_Databases_to_Azure_Mobile-Only.pdf";"http://ligman.me/29NhudA";"9.1MB"
"9780735697225.PDF";"http://ligman.me/29jDRJf";"8MB"
"9780735697225.EPUB";"http://ligman.me/29conIf";"12MB"
"9780735697225.MOBI";"http://ligman.me/29cnLlL";"24.6MB"
"9780735698178.EPUB";"http://ligman.me/29fNYRE";"13.6MB"
"9780735698178.MOBI";"http://ligman.me/29cq9cw";"30.2MB"
"9780735698178.PDF";"http://ligman.me/29acqhj";"7.2MB"
"MICROSOFT_PRESS_EBOOK_AZURE_AUTOMATION_PDF.PDF";"http://ligman.me/29fJJCS";"4MB"
"9780735698154.EPUB";"http://ligman.me/29nbxWK";"5.4MB"
"9780735698154.MOBI";"http://ligman.me/29fO9MV";"11.6MB"
"Bring-the-cloud-to-your-datacenter-Microsoft-Azure-Stack.pdf";"http://ligman.me/29pr2x1";"0.9MB"
"MICROSOFT_PRESS_EBOOK_BUILDING_CLOUD_APPS_WITH MICROSOFT_AZURE_EPUB.EPUB";"http://ligman.me/29oa0kH";"12.3MB"
"MICROSOFT_PRESS_EBOOK_BUILDING_CLOUD_APPS_WITH MICROSOFT_AZURE_MOBI.MOBI";"http://ligman.me/29i6ntm";"22.7MB"
"MICROSOFT_PRESS_EBOOK_BUILDING_CLOUD_APPS_WITH MICROSOFT_AZURE_PDF.PDF";"http://ligman.me/29n7JVF";"7.3MB"
"MICROSOFT_PRESS_EBOOK_AZURE_WEB_APPS_FOR_DEVELOPERS_PDF.PDF";"http://ligman.me/29fQsQ4";"6.4MB"
"MICROSOFT_PRESS_EBOOK_AZURE_WEB_APPS_FOR_DEVELOPERS_EPUB.EPUB";"http://ligman.me/29fQo2J";"6MB"
"MICROSOFT_PRESS_EBOOK_AZURE_WEB_APPS_FOR_DEVELOPERS_MOBI.MOBI";"http://ligman.me/29idz8T";"10.9MB"
"MICROSOFT_PRESS_EBOOK_INTRODUCING_HDINSIGHT_EPUB.EPUB";"http://ligman.me/29dfwlu";"8.5MB"
"MICROSOFT_PRESS_EBOOK_INTRODUCING_HDINSIGHT_MOBI.MOBI";"http://ligman.me/29fLliP";"12.8MB"
"MICROSOFT_PRESS_EBOOK_INTRODUCING_HDINSIGHT_PDF.PDF";"http://ligman.me/29i83TI";"7.5MB"
"MICROSOFT_PRESS_EBOOK_INTRODUCING_AZURE_PDF.PDF";"http://ligman.me/29diypX";"8MB"
"MICROSOFT_PRESS_EBOOK_INTRODUCING_AZURE_EPUB.EPUB";"http://ligman.me/29fNpHO";"22.6MB"
"MICROSOFT_PRESS_EBOOK_INTRODUCING_AZURE_MOBI.MOBI";"http://ligman.me/29oefNf";"40.4MB"
"679603EBOOK.PDF";"http://ligman.me/29jGTgC";"4.5MB"
"MICROSOFT_PRESS_EBOOK_RETHINKING_ENTERPRISE_STORAGE_A_HYBRID_CLOUD_MODEL_EPUB.EPUB";"http://ligman.me/29crPhL";"3.8MB"
"MICROSOFT_PRESS_EBOOK_RETHINKING_ENTERPRISE_STORAGE_A_HYBRID_CLOUD_MODEL_MOBI.MOBI";"http://ligman.me/29FUJIk";"7.2MB"
"An-overview-of-AAD.docx";"http://ligman.me/1G2oDNG";"5.2MB"
"An-overview-of-AAD-B2C.docx";"http://ligman.me/29u5uMT";"3.6MB"
"StorSimple DR Solution using ASR 2015-12-07.pdf";"http://ligman.me/29rlRt3";"1.1MB"
"Security_and_Azure_SQL_Database_White_paper.pdf";"http://ligman.me/29Yd9V0";"0.8MB"
"Azure MSP Playbook Final.pdf";"http://ligman.me/29s4EQ1";"5.3MB"
"DevOps on Azure technical guides.zip";"http://ligman.me/29vkv6E";"64.7MB"
"Hybrid IaaS technical guides.zip";"http://ligman.me/29A3q8Z";"31.7MB"
"Level 50- Getting started guide for Azure in CSP.pdf";"http://ligman.me/29H7ovO";"1.7MB"
"OnDemandMediaService.pdf";"http://ligman.me/1dHMOui";"2.6MB"
"Continuous_Deployment_Using_Microsoft_Azure_Web_Sites.pdf";"http://ligman.me/1G2pw8X";"0.7MB"
"GAL_Quick_Start_Use_Office_365_your_iPhone or iPad_revamped_AF104372236.pdf";"http://ligman.me/29gnaPK";"1.2MB"
"GAL_Quick_Start_Setup_Use Office_365_your_Android_phone Combined_Draft_AF104379034.pdf";"http://ligman.me/29d7GZH";"0.9MB"
"GAL_Quick_Start_Setup_Office_365_on_your_Windows_Phone_COMBINED_AF104372237.pdf";"http://ligman.me/29i2Mvf";"0.8MB"
"MSFT_cloud_architecture_informationprotection.pdf";"http://ligman.me/29rbpkY";"0.6MB"
"<unavailable>";"http://ligman.me/29e6cTO";"<null>"
"vkXtofnX13Wk6o3x";"http://ligman.me/29hJU1c";"0MB"
"<unavailable>";"http://ligman.me/29bcJtd";"<null>"
"FYBi5b1boMAVed8i";"http://ligman.me/29bcRZO";"0MB"
"<unavailable>";"http://ligman.me/29d5mS2";"<null>"
"C-tRAixCf9pPnqQe";"http://ligman.me/29cz6OD";"0MB"
"<unavailable>";"http://ligman.me/29fDult";"<null>"
"64d32N5tOA92bVBc";"http://ligman.me/29pEdjN";"0MB"
"<unavailable>";"http://ligman.me/29rwoY0";"<null>"
"V2j-8lYIY4dntL_k";"http://ligman.me/29fTQrx";"0MB"
"WORD MOBILE QUICK START GUIDE.PDF";"http://ligman.me/29gfrkN";"0.9MB"
"EXCEL MOBILE QUICK START GUIDE.PDF";"http://ligman.me/29rwoHw";"0.4MB"
"POWERPOINT MOBILE QUICK START GUIDE.PDF";"http://ligman.me/29d5AbX";"0.4MB"
"ONENOTE MOBILE QUICK START GUIDE.PDF";"http://ligman.me/29fudHc";"0.4MB"
"WORD 2016 FOR MAC QUICK START GUIDE.PDF";"http://ligman.me/29FzGG5";"0.5MB"
"idJYy1Tumyfwim_i";"http://ligman.me/29osNwd";"0MB"
"EXCEL 2016 FOR MAC QUICK START GUIDE.PDF";"http://ligman.me/29a22WR";"0.7MB"
"TLT-kbLbBsVXZrX2";"http://ligman.me/29alDpK";"0MB"
"POWERPOINT 2016 FOR MAC QUICK START GUIDE.PDF";"http://ligman.me/29fDylj";"0.6MB"
"Trwj9NQfT-Qj5Hjo";"http://ligman.me/29jPTCx";"0MB"
"ONENOTE 2016 FOR MAC QUICK START GUIDE.PDF";"http://ligman.me/29d5XTw";"0.6MB"
"CMlWIHFFonOfbv6h";"http://ligman.me/29rUIci";"0MB"
"OUTLOOK 2016 FOR MAC QUICK START GUIDE.PDF";"http://ligman.me/29hVdVa";"0.6MB"
"-owqMa71uMJju7ME";"http://ligman.me/29ijDhm";"0MB"
"add-an-outlook-com-or-microsoft-365-account-7c031aff-0ceb-435a-ada9-a389cfc8ddca";"http://ligman.me/29pn5e2";"0MB"
"<unavailable>";"http://ligman.me/29ckVx7";"<null>"
"Outlook-2016-Tips-Tricks.pdf";"http://ligman.me/29cfePX";"1.5MB"
"<unavailable>";"http://ligman.me/29vGIvY";"<null>"
"Getting started with OneDrive.pdf";"http://ligman.me/29hfnPR";"0.4MB"
"MicrosoftCloudSolutionsAndPlatformsOptions.pdf";"http://ligman.me/29fCVFe";"1MB"
"what-is-excel-842fb550-07cb-42d1-9a9f-c55789efed57";"http://ligman.me/29a6YLu";"0MB"
"split-data-into-different-columns-0edb925e-2af7-47fb-895a-28a07d5b73d4";"http://ligman.me/29n4GwJ";"0MB"
"AF104331648_en-us_o365_mts_googleapps.pdf";"http://ligman.me/29jAS3v";"1.9MB"
"<unavailable>";"http://ligman.me/29ci56U";"<null>"
"<unavailable>";"http://ligman.me/29nW9L3";"<null>"
"<unavailable>";"http://ligman.me/29hV6ZM";"<null>"
"<unavailable>";"http://ligman.me/29d1qAV";"<null>"
"<unavailable>";"http://ligman.me/29pfpbI";"<null>"
"6158_Skype_for_Business_for_Windows_Phone_WSG.docx";"http://ligman.me/29v8nwX";"1.6MB"
"Office365CheatSheet.pdf";"http://ligman.me/29uq452";"0.2MB"
"OneNote-2016-Tips-Tricks.pdf";"http://ligman.me/29d1wc3";"1.4MB"
"Excel_2010_to_Office_365.pdf";"http://ligman.me/29Y1O7a";"1MB"
"AF104114261_en-us_quick_start_guide_store_and_share_documents.pdf";"http://ligman.me/29a7wRA";"0.5MB"
"Get_started_with_the_Internet_of_Things.pdf";"http://ligman.me/29pnEEG";"2.8MB"
"AF103733520_en-us_outlook2013quickstartguide.pdf";"http://ligman.me/1FYtDD8";"0.5MB"
"AF103733534_en-us_excel2013quickstartguide.pdf";"http://ligman.me/1HByNKS";"0.3MB"
"AF103733511_en-us_powerpoint2013quickstartguide.pdf";"http://ligman.me/1NCfcKC";"1.2MB"
"AF103733558_en-us_access2013quickstartguide.pdf";"http://ligman.me/1HCDxl9";"0.5MB"
"AF103733448_en-us_word2013quickstartguide.pdf";"http://ligman.me/1HCCCRP";"0.4MB"
"AF103733495_en-us_publisher2013quickstartguide.pdf";"http://ligman.me/1H4Q0e5";"1MB"
"AF103733479_en-us_project2013quickstartguide.pdf";"http://ligman.me/1JI6V77";"1.3MB"
"AF103733547_en-us_onenote2013quickstartguide.pdf";"http://ligman.me/1CSMobd";"0.4MB"
"How To Recover Office Doc.pdf";"http://ligman.me/1jWMJA2";"0.4MB"
"Word 2013 Keyboard Shortcuts.pdf";"http://ligman.me/1m6xucg";"0.5MB"
"Excel 2013 Keyboard Shortcuts.pdf";"http://ligman.me/1onTg9n";"0.4MB"
"OneNote 2013 Keyboard Shortcuts.pdf";"http://ligman.me/1n49kzj";"0.4MB"
"Access 2013 Keyboard Shortcuts.pdf";"http://ligman.me/1sgBtn4";"0.5MB"
"InfoPath 2013 Keyboard Shortcuts.pdf";"http://ligman.me/1qZlnOJ";"0.5MB"
"Outlook 2013 Keyboard Shortcuts.pdf";"http://ligman.me/TWa2Dg";"0.4MB"
"Project 2013 Keyboard Shortcuts.pdf";"http://ligman.me/1vM9mwt";"0.3MB"
"Customize Word 2013 Keyboard Shortcuts.pdf";"http://ligman.me/1qzON6Q";"0.3MB"
"Publisher 2013 Keyboard Shortcuts.pdf";"http://ligman.me/1rB8nl1";"0.5MB"
"SharePoint Products 2013 Keyboard Shortcuts.pdf";"http://ligman.me/TL3pn1";"0.3MB"
"Visio 2013 Keyboard Shortcuts.pdf";"http://ligman.me/1vM9H2d";"0.3MB"
"656949EBOOK.PDF";"http://ligman.me/29odbJ6";"21.1MB"
"Microsoft Lync Server 2013  Step by Step for Anyone_REV014.pdf";"http://ligman.me/1LSKTC0";"8.1MB"
"Office 2010 User Resources - PDF.zip";"http://ligman.me/1qC1pu4";"39.4MB"
"Upgrade to Skype for Business 2015 Step by Step eBook.pdf";"http://ligman.me/1dHSpRh";"1.2MB"
"Skype for Business Server 2015 Step by Step for Anyone - Installing and Upgrading_REV_05.pdf";"http://ligman.me/1LO5k1Y";"2.8MB"
"Skype for Business User Tips & Tricks for Anyone_REV03.pdf";"http://ligman.me/1M7Xr5v";"3.8MB"
"697737_EBOOK_TECHPREVIEW.PDF";"http://ligman.me/29jLNtX";"9.7MB"
"697737_EBOOK_MOBILE_TECHPREVIEW.PDF";"http://ligman.me/29agpuw";"7.9MB"
"MICROSOFT_PRESS_EBOOK_INTRODUCING_WINDOWS_SERVER_2012_R2_EPUB.EPUB";"http://ligman.me/29cv8FE";"24.7MB"
"MICROSOFT_PRESS_EBOOK_INTRODUCING_WINDOWS_SERVER_2012_R2_MOBI.MOBI";"http://ligman.me/29ieXIo";"43.6MB"
"MICROSOFT_PRESS_EBOOK_INTRODUCING_WINDOWS_SERVER_2012_R2_PDF.PDF";"http://ligman.me/29dmCXi";"12.7MB"
"MICROSOFT_PRESS_EBOOK_INTRODUCING_WINDOWS_SERVER_2012_EPUB.EPUB";"http://ligman.me/29jLjnM";"25MB"
"MICROSOFT_PRESS_EBOOK_INTRODUCING_WINDOWS_SERVER_2012_MOBI.MOBI";"http://ligman.me/29agkqx";"50.7MB"
"MICROSOFT_PRESS_EBOOK_INTRODUCING_WINDOWS_SERVER_2012_PDF.PDF";"http://ligman.me/29gvTBJ";"17.8MB"
"MICROSOFT_PRESS_EBOOK_INTRODUCING_WINDOWS_SERVER_2012_R2_PREVIEW_MOBI.MOBI";"http://ligman.me/29pztuz";"9.5MB"
"MICROSOFT_PRESS_EBOOK_INTRODUCING_WINDOWS_SERVER_2012_R2_PREVIEW_PDF.PDF";"http://ligman.me/29dmTJT";"5.1MB"
"MICROSOFT_PRESS_EBOOK_INTRODUCING_WINDOWS_SERVER_2008_R2_EPUB.EPUB";"http://ligman.me/29ieSEI";"9.4MB"
"MICROSOFT_PRESS_EBOOK_INTRODUCING_WINDOWS_SERVER_2008_R2_MOBI.MOBI";"http://ligman.me/29hB9CQ";"5.2MB"
"<unavailable>";"http://ligman.me/29fOWdV";"<null>"
"Windows_Server_2012_R2_Remote_Desktop_Services_Licensing_Datasheet.pdf";"http://ligman.me/1JPNIAt";"0.4MB"
"Microsoft_Press_ebook_Configuring_SharePoint_Hybrid_PDF.pd.pdf";"http://ligman.me/29Xnqk8";"11.7MB"
"Microsoft_Press_ebook_Configuring_SharePoint_Hybrid_mobile.pdf";"http://ligman.me/29oRWlp";"10.2MB"
"MICROSOFT_PRESS_EBOOK_PLANNING_SHAREPOINT_HYBRID_8.5X11.PDF";"http://ligman.me/29csX4C";"5.1MB"
"MICROSOFT_PRESS_EBOOK_PLANNING_SHAREPOINT_HYBRID_MOBILE-ONLY.PDF";"http://ligman.me/29jH8bx";"4.6MB"
"SharePoint Server 2016 Reviewer's Guide.pdf";"http://ligman.me/29pcQFA";"0.2MB"
"SharePoint Server 2016 Quick Start.pdf";"http://ligman.me/29FkNr3";"0.2MB"
"Explore-SharePoint-2013.pdf";"http://ligman.me/12FIapt";"2MB"
"Explore-SharePoint-2013.epub";"http://ligman.me/13WvGXa";"0.9MB"
"Explore-SharePoint-2013.mobi";"http://ligman.me/1bPPb6C";"1.6MB"
"Deployment-guide-for-SharePoint-2013.pdf";"http://ligman.me/12FIZ1I";"9MB"
"Deployment-guide-for-SharePoint-2013.epub";"http://ligman.me/16CaDM1";"3.3MB"
"Deployment-guide-for-SharePoint-2013.mobi";"http://ligman.me/19LwMLI";"6.8MB"
"AF104114265_en-us_quick_start_guide_lists.pdf";"http://ligman.me/1JHmqiB";"0.5MB"
"AF104114273_en-us_quick_start_guide_create_a_team_site.pdf";"http://ligman.me/1KHqGNK";"0.4MB"
"SharePoint 2013 The excellence by TechNet WIKI.pdf";"http://ligman.me/1M7Ycve";"7.9MB"
"WikiNinjas guide to SharePoint 2013 - Part II.pdf";"http://ligman.me/1LSOsIu";"12.3MB"
"Sharepoint_Adoption_Guide.pdf";"http://ligman.me/1UrQDFx";"0.2MB"
"SharePoint 2013 Adoption Kit.zip";"http://ligman.me/TUmyTW";"4.6MB"
"<unavailable>";"http://ligman.me/1NLviCk";"<null>"
"TestLabGuide_IntranetAndTeamSites_ebook.pdf";"http://ligman.me/17iaq4l";"0.5MB"
"TestLabGuide_IntranetAndTeamSites_ebook.epub";"http://ligman.me/1bPRqqz";"0.1MB"
"TestLabGuide_IntranetAndTeamSites_ebook.mobi";"http://ligman.me/17iah0Q";"0.2MB"
"TestLabGuide_IntranetAndTeamSites_ebook.docx";"http://ligman.me/1287Jt4";"0.2MB"
"MICROSOFT_PRESS_EBOOK_SYSTEM_CENTER_DATA_PROTECTION_FOR_HYBRID_CLOUD_PDF.PDF";"http://ligman.me/29djdrk";"4.3MB"
"MICROSOFT_PRESS_EBOOK_SYSTEM_CENTER_DATA_PROTECTION_FOR_HYBRID_CLOUD_EPUB.EPUB";"http://ligman.me/29rLH2H";"4.6MB"
"MICROSOFT_PRESS_EBOOK_SYSTEM_CENTER_DATA_PROTECTION_FOR_HYBRID_CLOUD_MOBI.MOBI";"http://ligman.me/29fNPxT";"10.4MB"
"9780735695825.EPUB";"http://ligman.me/29ddm60";"6.6MB"
"9780735695825.MOBI";"http://ligman.me/29gsnHt";"15.8MB"
"9780735695825.PDF";"http://ligman.me/29nc2QS";"3.3MB"
"MICROSOFT_PRESS_EBOOK_SYSTEM_CENTER_BUILDING_A_VIRTUALIZED_NETWORK_SOLUTION_2E_PDF.PDF";"http://ligman.me/29fOrnd";"11.1MB"
"MICROSOFT_PRESS_EBOOK_SYSTEM_CENTER_BUILDING_A_VIRTUALIZED_NETWORK_SOLUTION_2E_EPUB.EPUB";"http://ligman.me/29dk0Ze";"10.7MB"
"MICROSOFT_PRESS_EBOOK_SYSTEM_CENTER_BUILDING_A_VIRTUALIZED_NETWORK_SOLUTION_2E_MOBI.MOBI";"http://ligman.me/29aewh2";"23.6MB"
"9780735695788.EPUB";"http://ligman.me/29gteI8";"7.4MB"
"9780735695788.MOBI";"http://ligman.me/29ibJVq";"16.2MB"
"9780735695788.PDF";"http://ligman.me/29fKMD6";"5MB"
"MICROSOFT_PRESS_EBOOK_SYSTEMCENTERCONFMGRFIELDEXPERIENCE_EPUB.EPUB";"http://ligman.me/29cthAz";"22.7MB"
"MICROSOFT_PRESS_EBOOK_SYSTEMCENTERCONFMGRFIELDEXPERIENCE_MOBI.MOBI";"http://ligman.me/29ohqUT";"40.4MB"
"MICROSOFT_PRESS_EBOOK_SYSTEMCENTERCONFMGRFIELDEXPERIECE_PDF.PDF";"http://ligman.me/29crGiw";"5.9MB"
"9780735695818.PDF";"http://ligman.me/29gsFOl";"4MB"
"9780735695818.EPUB";"http://ligman.me/29ncgrb";"5MB"
"9780735695818.MOBI";"http://ligman.me/29fKWdi";"10.3MB"
"9780735695849.PDF";"http://ligman.me/29djvi9";"8.8MB"
"9780735695849 .EPUB";"http://ligman.me/29FW41O";"12MB"
"9780735695849 .MOBI";"http://ligman.me/29ddKBp";"29.1MB"
"MICROSOFT_PRESS_EBOOK_SYSTEMCENTERTROUBLESHOOTINGCONFIGURATIONMANAGER_EPUB.EPUB";"http://ligman.me/29dkhf4";"24.4MB"
"MICROSOFT_PRESS_EBOOK_SYSTEMCENTERTROUBLESHOOTINGCONFIGURATIONMANAGER_MOBI.MOBI";"http://ligman.me/29rML6Q";"44.2MB"
"MICROSOFT_PRESS_EBOOK_SYSTEMCENTERTROUBLESHOOTINGCONFIGURATIONMANAGER_PDF.PDF";"http://ligman.me/29hxyEN";"7.8MB"
"9780735695672.PDF";"http://ligman.me/29fPweO";"6.7MB"
"9780735695672.EPUB";"http://ligman.me/29fPMug";"6.4MB"
"9780735695672.MOBI";"http://ligman.me/29fPnIe";"12.7MB"
"MICROSOFT_SYSTEM_CENTER_NETWORK_VIRTUALIZATION_AND_CLOUD_COMPUTING_EPUB.EPUB";"http://ligman.me/29hxogT";"4.2MB"
"MICROSOFT_SYSTEM_CENTER_NETWORK_VIRTUALIZATION_AND_CLOUD_COMPUTING_MOBI.MOBI";"http://ligman.me/29deg2k";"6.6MB"
"MICROSOFT_SYSTEM_CENTER_NETWORK_VIRTUALIZATION_AND_CLOUD_COMPUTING_PDF.PDF";"http://ligman.me/29pwCBO";"5.9MB"
"MICROSOFT_SYSTEM_CENTER_INTEGRATED_CLOUD_PLATFORM_EPUB.EPUB";"http://ligman.me/29fPAec";"5.3MB"
"MICROSOFT_SYSTEM_CENTER_INTEGRATED_CLOUD_PLATFORM_MOBI.MOBI";"http://ligman.me/29deQgz";"8.1MB"
"MICROSOFT_SYSTEM_CENTER_INTEGRATED_CLOUD_PLATFORM_PDF.PDF";"http://ligman.me/29afaLE";"2.5MB"
"MICROSOFT_PRESS_EBOOK_SYSTEMCENTERDESIGNINGORCHESTRATORRUNBOOKS_EPUB.EPUB";"http://ligman.me/29pxarl";"24.7MB"
"MICROSOFT_PRESS_EBOOK_SYSTEMCENTERDESIGNINGORCHESTRATORRUNBOOKS_MOBI.MOBI";"http://ligman.me/29ne5V5";"43.5MB"
"MICROSOFT_PRESS_EBOOK_SYSTEMCENTERDESIGNINGORCHESTRATORRUNBOOKS_PDF.PDF";"http://ligman.me/29csBjh";"10.2MB"
"MICROSOFT_PRESS_EBOOK_SYSTEMCENTEROPTIMIZINGSERVICEMANAGER_EPUB.EPUB";"http://ligman.me/29dkZZK";"19.8MB"
"MICROSOFT_PRESS_EBOOK_SYSTEMCENTEROPTIMIZINGSERVICEMANAGER_MOBI.MOBI";"http://ligman.me/29ojrAy";"37MB"
"MICROSOFT_PRESS_EBOOK_SYSTEMCENTEROPTIMIZINGSERVICEMANAGER_PDF.PDF";"http://ligman.me/29jJLdx";"4.6MB"
"SYSTEMCENTERBUILDINGAVIRTUALIZEDNETWORK_EPUB.EPUB";"http://ligman.me/29df2fw";"25.4MB"
"SYSTEMCENTERBUILDINGAVIRTUALIZEDNETWORK_MOBI.MOBI";"http://ligman.me/29cu6sX";"45.4MB"
"SYSTEMCENTERBUILDINGAVIRTUALIZEDNETWORK_PDF.PDF";"http://ligman.me/29dlaE5";"6.7MB"
"MICROSOFT_PRESS_EBOOK_SYSTEMCENTERCLOUDMGMTWITHAPPCONTROLLER_EPUB.EPUB";"http://ligman.me/29FZx0B";"24.5MB"
"MICROSOFT_PRESS_EBOOK_SYSTEMCENTERCLOUDMGMTWITHAPPCONTROLLER_MOBI.MOBI";"http://ligman.me/29idnpO";"42.9MB"
"MICROSOFT_PRESS_EBOOK_SYSTEMCENTERCLOUDMGMTWITHAPPCONTROLLER_PDF.PDF";"http://ligman.me/29dlH9d";"16.3MB"
"MICROSOFT_PRESS_EBOOK_INTRODUCING_SYSTEM_CENTER_2012_EPUB.EPUB";"http://ligman.me/29cs157";"24.4MB"
"MICROSOFT_PRESS_EBOOK_INTRODUCING_SYSTEM_CENTER_2012_MOBI.MOBI";"http://ligman.me/29dkq1V";"43.2MB"
"MICROSOFT_PRESS_EBOOK_INTRODUCING_SYSTEM_CENTER_2012_PDF.PDF";"http://ligman.me/29aelm3";"13.9MB"
"<unavailable>";"http://ligman.me/29ycEnb";"<null>"
"<unavailable>";"http://ligman.me/29w5gr9";"<null>"
"<unavailable>";"http://ligman.me/29pfQ50";"<null>"
"<unavailable>";"http://ligman.me/1sgMWDe";"<null>"
"MicrosoftDynamicsCRMOnline_SMB_FAQ.pdf";"http://ligman.me/29w68w8";"0.5MB"
"Setup Guide Server-side synchronization for CRM Online and Exchange Server.pdf";"http://ligman.me/29viFmi";"0.8MB"
"Scalable Security Modeling with Microsoft Dynamics CRM 2015.pdf";"http://ligman.me/29zYWzl";"2.7MB"
"ScalableDynamicsCRMCustomizations.docx";"http://ligman.me/29H2bo1";"2.2MB"
"ModernBiz_for_DynamicsERP_MobileProductivity_eBook_ToCustomer.pdf";"http://ligman.me/29AT60J";"5.1MB"
"ModernBiz_for_DynamicsERP_InsightsintheCloud_eBook_ToCustomer.pdf";"http://ligman.me/29xtlNa";"2.3MB"
"<unavailable>";"http://ligman.me/29xtHDs";"<null>"
"<unavailable>";"http://ligman.me/29GpFsY";"<null>"
"MICROSOFT_PRESS_EBOOK_INTRO_SQL SERVER_2016_PREVIEW_ED_PDF.PDF";"http://ligman.me/29ddd2b";"4.5MB"
"MICROSOFT_PRESS_EBOOK_INTRO_SQL_SERVER_2016_PREVIEW_ED_EPUB.EPUB";"http://ligman.me/29fJpEc";"4.8MB"
"MICROSOFT_PRESS_EBOOK_INTRO_SQL_SERVER_2016_PREVIEW_ED_MOBI.MOBI";"http://ligman.me/29cs7Fg";"11.3MB"
"MICROSOFT_PRESS_EBOOK_INTRODUCING_MICROSOFT_SQL_SERVER_2014_EPUB.EPUB";"http://ligman.me/29fJA2g";"8.2MB"
"MICROSOFT_PRESS_EBOOK_INTRODUCING_MICROSOFT_SQL_SERVER_2014_PDF.PDF";"http://ligman.me/29cqzzq";"8.1MB"
"MICROSOFT_PRESS_EBOOK_INTRODUCING_MICROSOFT_SQL_SERVER_2012_EPUB.EPUB";"http://ligman.me/29ddbYb";"19.4MB"
"MICROSOFT_PRESS_EBOOK_INTRODUCING_MICROSOFT_SQL_SERVER_2012_MOBI.MOBI";"http://ligman.me/29rLlZV";"8MB"
"MICROSOFT_PRESS_EBOOK_INTRODUCING_MICROSOFT_SQL_SERVER_2012_PDF.PDF";"http://ligman.me/29ialCf";"10.8MB"
"MICROSOFT_PRESS_EBOOK_INTRODUCING_MICROSOFT_SQL_SERVER_2008_R2_EPUB.EPUB";"http://ligman.me/29pvj5I";"10.5MB"
"MICROSOFT_PRESS_EBOOK_INTRODUCING_MICROSOFT_SQL_SERVER_2008_R2_MOBI.MOBI";"http://ligman.me/29hwj8y";"5.9MB"
"693883EBOOK.PDF";"http://ligman.me/29dj7zY";"7.7MB"
"Troubleshooting SQL Server AlwaysOn.pdf";"http://ligman.me/1sl39Hs";"0.9MB"
"5TSSSISU_SQL_Server_2012.pdf";"http://ligman.me/1anyEJj";"0.6MB"
"5TSSSISU_SQL_Server_2012.epub";"http://ligman.me/17icbPc";"1.2MB"
"5TSSSISU_SQL_Server_2012.mobi";"http://ligman.me/ZZezok";"2.3MB"
"AHG_Microsoft_StreamInsight_Queries.pdf";"http://ligman.me/12S035G";"2.8MB"
"AHG_Microsoft_StreamInsight_Queries.epub";"http://ligman.me/12RZWY1";"5.1MB"
"AHG_Microsoft_StreamInsight_Queries.mobi";"http://ligman.me/13PlvVY";"8.6MB"
"Data Mining Extensions - DMX - Reference.pdf";"http://ligman.me/12FMEMP";"1.4MB"
"Data Mining Extensions - DMX - Reference.epub";"http://ligman.me/128a1ID";"8.3MB"
"Data Mining Extensions - DMX - Reference.mobi";"http://ligman.me/19LCgpM";"14.3MB"
"Data Quality Services.pdf";"http://ligman.me/13Pn1XY";"1.9MB"
"Data Quality Services.epub";"http://ligman.me/13WChkr";"4.7MB"
"Data Quality Services.mobi";"http://ligman.me/12FN71F";"8.6MB"
"High Availability Solutions.pdf";"http://ligman.me/ZZh7Ts";"8.4MB"
"High Availability Solutions.epub";"http://ligman.me/14HcD5O";"15.9MB"
"High Availability Solutions.mobi";"http://ligman.me/17UHSNJ";"28.3MB"
"Master Data Services.pdf";"http://ligman.me/19LEPIz";"2.3MB"
"Master Data Services.epub";"http://ligman.me/11VIxdB";"13.7MB"
"Master Data Services.mobi";"http://ligman.me/12FObmf";"24.5MB"
"Monitor and Tune for Performance.pdf";"http://ligman.me/11HXnjD";"0.7MB"
"Monitor and Tune for Performance.epub";"http://ligman.me/14fCxLS";"1.6MB"
"Monitor and Tune for Performance.mobi";"http://ligman.me/16CkUI4";"3.1MB"
"Multidimensional Expressions - MDX - Reference.pdf";"http://ligman.me/17VqB79";"2.2MB"
"Multidimensional Expressions - MDX - Reference.epub";"http://ligman.me/13XRfqr";"20MB"
"Multidimensional Expressions - MDX - Reference.mobi";"http://ligman.me/19fCnqV";"33.3MB"
"SQL Server Distributed Replay.pdf";"http://ligman.me/11WvSqL";"1.1MB"
"SQL Server Distributed Replay.epub";"http://ligman.me/1002Upx";"3MB"
"SQL Server Distributed Replay.mobi";"http://ligman.me/14HMJ1Q";"5.5MB"
"Transact-SQL Data Definition Language - DDL- Reference.pdf";"http://ligman.me/10ttQ3n";"4.9MB"
"Transact-SQL Data Definition Language - DDL- Reference.epub";"http://ligman.me/15fRBI9";"29.5MB"
"Transact-SQL Data Definition Language - DDL- Reference.mobi";"http://ligman.me/19fDuqE";"50.4MB"
"XQuery Language Reference.pdf";"http://ligman.me/11IMDlh";"2.1MB"
"XQuery Language Reference.epub";"http://ligman.me/10tu5eD";"14.4MB"
"XQuery Language Reference.mobi";"http://ligman.me/128NAD6";"23.9MB"
"ELSD_SQL_Server_Integration_Services.pdf";"http://ligman.me/1bRgXzV";"1.3MB"
"ELSD_SQL_Server_Integration_Services.epub";"http://ligman.me/14givRo";"2.8MB"
"ELSD_SQL_Server_Integration_Services.mobi";"http://ligman.me/18VNatF";"4.8MB"
"Integration Services - Extending Packages with Scripting.pdf";"http://ligman.me/128Ogso";"1.2MB"
"Integration Services - Extending Packages with Scripting.epub";"http://ligman.me/13Qbl7k";"7.9MB"
"Integration Services - Extending Packages with Scripting.mobi";"http://ligman.me/10tuWvL";"13.7MB"
"Multidimensional_Model_Programming.pdf";"http://ligman.me/16dFAWc";"4.6MB"
"Multidimensional_Model_Programming.epub";"http://ligman.me/11lkViX";"31.2MB"
"Multidimensional_Model_Programming.mobi";"http://ligman.me/1bRhVMn";"59.4MB"
"OB_Loading_Data_Oracle.pdf";"http://ligman.me/14HOjki";"1MB"
"OB_Loading_Data_Oracle.epub";"http://ligman.me/1bRiXbc";"1.7MB"
"OB_Loading_Data_Oracle.mobi";"http://ligman.me/13QcfRi";"3.1MB"
"PDRMSQLSR_Services_SharePoint_Integrated_Mode.pdf";"http://ligman.me/16E4lf4";"1.7MB"
"PDRMSQLSR_Services_SharePoint_Integrated_Mode.epub";"http://ligman.me/1005lbB";"2.4MB"
"PDRMSQLSR_Services_SharePoint_Integrated_Mode.mobi";"http://ligman.me/14HOxb2";"4.1MB"
"SQL Server 2012 Tutorials - Reporting Services.pdf";"http://ligman.me/16E6G9L";"0.8MB"
"SQL Server 2012 Tutorials - Reporting Services.epub";"http://ligman.me/14gkBRc";"2MB"
"SQL Server 2012 Tutorials - Reporting Services.mobi";"http://ligman.me/1006fEV";"3.7MB"
"SQL Server 2012 Tutorials - Writing Transact-SQL Statements.pdf";"http://ligman.me/16dHXZ9";"0.4MB"
"SQL Server 2012 Tutorials - Writing Transact-SQL Statements.epub";"http://ligman.me/13QdHDb";"1.4MB"
"SQL Server 2012 Tutorials - Writing Transact-SQL Statements.mobi";"http://ligman.me/11IQ8bd";"2.7MB"
"SQL_Server_Community_FAQs_Manual.pdf";"http://ligman.me/17jgPfG";"5.8MB"
"SQL_Server_Community_FAQs_Manual.epub";"http://ligman.me/15fXTHQ";"8.3MB"
"SQL_Server_Community_FAQs_Manual.mobi";"http://ligman.me/11vx5Cy";"13.2MB"
"SQL Server 2012 Tutorials - Analysis Services Tabular Modeling.pdf";"http://ligman.me/N1JiHO";"0.7MB"
"SQL Server 2012 Tutorials - Analysis Services Tabular Modeling.epub";"http://ligman.me/OudHlO";"2.2MB"
"SQL Server 2012 Tutorials - Analysis Services Tabular Modeling.mobi";"http://ligman.me/OudJdr";"4.3MB"
"Microsoft SQL Server AlwaysOn Solutions Guide for High Availability and Disaster Recovery.pdf";"http://ligman.me/N1I2o4";"1.2MB"
"Microsoft SQL Server AlwaysOn Solutions Guide for High Availability and Disaster Recovery.epub";"http://ligman.me/Oue0NG";"0.7MB"
"Microsoft SQL Server AlwaysOn Solutions Guide for High Availability and Disaster Recovery.mobi";"http://ligman.me/Oue2oE";"1MB"
"SQL Server 2012 Transact-SQL DML Reference.pdf";"http://ligman.me/N1HQW0";"1.5MB"
"SQL Server 2012 Transact-SQL DML Reference.epub";"http://ligman.me/Ouebsh";"13.1MB"
"SQL Server 2012 Transact-SQL DML Reference.mobi";"http://ligman.me/OuecfK";"10.3MB"
"QuickStart - Learn DAX Basics in 30 Minutes.pdf";"http://ligman.me/N1Ienp";"1MB"
"QuickStart - Learn DAX Basics in 30 Minutes.epub";"http://ligman.me/OuelQu";"0.4MB"
"QuickStart - Learn DAX Basics in 30 Minutes.mobi";"http://ligman.me/OueoMd";"0.7MB"
"SQL Server 2012 Tutorials - Analysis Services Data Mining.pdf";"http://ligman.me/N1J8A8";"1.3MB"
"SQL Server 2012 Tutorials - Analysis Services Data Mining.epub";"http://ligman.me/OueFPb";"6.1MB"
"SQL Server 2012 Tutorials - Analysis Services Data Mining.mobi";"http://ligman.me/OueIKU";"10.4MB"
"Microsoft SQL Server Analysis Services Multidimensional Performance and Operations Guide.pdf";"http://ligman.me/N1I935";"5.9MB"
"Microsoft SQL Server Analysis Services Multidimensional Performance and Operations Guide.epub";"http://ligman.me/OueUd4";"13.2MB"
"Microsoft SQL Server Analysis Services Multidimensional Performance and Operations Guide.mobi";"http://ligman.me/OueVxy";"18.6MB"
"Data Analysis Expressions - DAX - Reference.pdf";"http://ligman.me/N1HMW7";"2.3MB"
"Data Analysis Expressions - DAX - Reference.epub";"http://ligman.me/Ouf6sO";"14.6MB"
"Data Analysis Expressions - DAX - Reference.mobi";"http://ligman.me/Ouf9og";"25.9MB"
"SQL_Server_2012_Upgrade_Technical_Reference_Guide_White_Paper.pdf";"http://ligman.me/N1Jo27";"8.9MB"
"SQL Server 2012 Upgrade Technical Guide.epub";"http://ligman.me/OufgQN";"21.9MB"
"SQL Server 2012 Upgrade Technical Guide.mobi";"http://ligman.me/OufkQs";"37.9MB"
"Backup and Restore of SQL Server Databases.pdf";"http://ligman.me/N1HEpM";"2.9MB"
"Backup and Restore of SQL Server Databases.epub";"http://ligman.me/Oufwzg";"6.8MB"
"Backup and Restore of SQL Server Databases.mobi";"http://ligman.me/OufCXN";"12.1MB"
"SQL Server 2012 Tutorials - Analysis Services Multidimensional Modeling.pdf";"http://ligman.me/N1JfvI";"1.9MB"
"SQL Server 2012 Tutorials - Analysis Services Multidimensional Modeling.epub";"http://ligman.me/OufRSs";"5.7MB"
"SQL Server 2012 Tutorials - Analysis Services Multidimensional Modeling.mobi";"http://ligman.me/OufVlq";"10.1MB"
"Master Data Services Capacity Guidelines.pdf";"http://ligman.me/N1HX3Q";"1.4MB"
"Master Data Services Capacity Guidelines.epub";"http://ligman.me/Oug5Jl";"0.2MB"
"Master Data Services Capacity Guidelines.mobi";"http://ligman.me/Oug74a";"0.1MB"
"SQL_Server_2014_Product_Guide.zip";"http://ligman.me/1H1Exty";"29.7MB"
"SQL_Server_2014_Licensing_Guide.pdf";"http://ligman.me/1S1f34H";"1.3MB"
"<unavailable>";"http://ligman.me/1HGqihD";"<null>"
"SQL_Server_2014_Virtualization_Licensing_Guide.pdf";"http://ligman.me/1G2ccS5";"0.3MB"
"SQL Server 2014 Database Backup Encryption.docx";"http://ligman.me/1ffeiJo";"5MB"
"<unavailable>";"http://ligman.me/1NKjUqp";"<null>"
"Determining_SQL_Server_2014_Core_License_Requirements_at_SA_Renewal.pdf";"http://ligman.me/1KEShAt";"0.3MB"
"SQL_Server_Mission_Critical_Performance_TDM_White_Paper.pdf";"http://ligman.me/1S1i4C0";"2.7MB"
"Migrating-Oracle-to-SQL-Server-2014-and-Azure-SQL-DB.pdf";"http://ligman.me/1ReR3Qq";"1.4MB"
"SQL_Server_to_SQL_Server_PDW_Migration_Guide.pdf";"http://ligman.me/1dGxnSW";"1.5MB"
"MigratingContentBetweenReportServers.docx";"http://ligman.me/1IZCarE";"0.4MB"
"Best_Practices_for_Virtualizing_and_Managing_SQL_Server_2012.pdf";"http://ligman.me/1H2Bq3J";"4.7MB"
"Windows_Server_2012_R2_Server_Virtualization_White_Paper.pdf";"http://ligman.me/1Rf7BaZ";"5.2MB"
"Competitive-Advantages-of-Windows-Server-Hyper-V-over-VMware-vSphere.pdf";"http://ligman.me/1LRIveQ";"2.3MB"
"Migrating-MySQL-to-SQL-Server-2014-and-Azure-SQL-DB.pdf";"http://ligman.me/1dGxEW7";"1MB"
"PowerShell_Examples_v4.pdf";"http://ligman.me/1omCrM6";"0.3MB"
"Quick_Reference_SM_WS12R2.pdf";"http://ligman.me/1j5aDhH";"0.4MB"
"PowerShell_ISE_v4.pdf";"http://ligman.me/1n3mkVY";"0.3MB"
"PowerShell_LangRef_v4.pdf";"http://ligman.me/1n3mAUZ";"0.3MB"
"Quick_Reference_DSC_WS12R2.pdf";"http://ligman.me/1vKOGot";"0.3MB"
"Quick_Reference_WMI_ITPro_WS12R2.pdf";"http://ligman.me/1H7bxTv";"0.3MB"
"Quick_Reference_WMI_Devs_WS12R2.pdf";"http://ligman.me/1G0DEjb";"0.3MB"
"engineering_for_accessibility_eBook.pdf";"http://ligman.me/29pbiLY";"2.3MB"
"MICROSOFT_PRESS_EBOOK_MANAGING_AGILE_SOFTWARE_PROJECTS_PDF.PDF";"http://ligman.me/29dlTVV";"11.6MB"
"9781509300648.EPUB";"http://ligman.me/29rOYz9";"13.8MB"
"9781509300648.MOBI";"http://ligman.me/29ie2rq";"31.1MB"
"MICROSOFT_PRESS_EBOOK_ENTERPRISE_CLOUD_STRATEGY_PDF.PDF";"http://ligman.me/29fQN5c";"9.2MB"
"MICROSOFT_PRESS_EBOOK_ENTERPRISE_CLOUD_STRATEGY_EPUB.EPUB";"http://ligman.me/29idEct";"6.4MB"
"MICROSOFT_PRESS_EBOOK_ENTERPRISE_CLOUD_STRATEGY_MOBI.MOBI";"http://ligman.me/29nevuE";"15.7MB"
"MICROSOFT_PRESS_EBOOK_PROGRAMMING_WINDOWS_8_APPS_WITH_HTML_CSS_AND_JAVASCRIPT_EPUB.EPUB";"http://ligman.me/29olaWI";"37.3MB"
"MICROSOFT_PRESS_EBOOK_PROGRAMMING_WINDOWS_8_APPS_WITH_HTML_CSS_AND_JAVASCRIPT_MOBI.MOBI";"http://ligman.me/29pz4Im";"69.5MB"
"MICROSOFT_PRESS_EBOOK_PROGRAMMING_WINDOWS_8_APPS_WITH_HTML_CSS_AND_JAVASCRIPT_PDF.PDF";"http://ligman.me/29fQRlQ";"18MB"
"MICROSOFT_PRESS_EBOOK_CREATINGMOBILEAPPSWITHXAMARINFORMS_PDF.PDF";"http://ligman.me/29hzPzU";"56MB"
"MICROSOFT_PRESS_EBOOK_CREATINGMOBILEAPPSWITHXAMARINFORMS_EPUB.EPUB";"http://ligman.me/29rON6X";"150.7MB"
"MICROSOFT_PRESS_EBOOK_CREATINGMOBILEAPPSWITHXAMARINFORMS_MOBI.MOBI";"http://ligman.me/29cumbH";"325.3MB"
"MICROSOFT_PRESS_EBOOK_PROGRAMMING_WINDOWS_8_APPS_HTML_CSS_JAVASCRIPT_2E_PDF.PDF";"http://ligman.me/29cv1JW";"30.2MB"
"MICROSOFT_PRESS_EBOOK_PROGRAMMING_WINDOWS_8_APPS_HTML_CSS_JAVASCRIPT_2E_EPUB.EPUB";"http://ligman.me/29dmh6L";"71.3MB"
"MICROSOFT_PRESS_EBOOK_PROGRAMMING_WINDOWS_8_APPS_HTML_CSS_JAVASCRIPT_2E_MOBI.MOBI";"http://ligman.me/29dfUkt";"113.8MB"
"Windows_SA_per_User_at_a_Glance.pdf";"http://ligman.me/1giniO7";"0.5MB"
"Microsoft_Volume_Licensing_Reference_Guide.pdf";"http://ligman.me/29H7K5O";"2.1MB"
"MicrosoftServerVirtualization_LicenseMobility_VLBrief.pdf";"http://ligman.me/1qbEeVc";"0.4MB"
"multiplexing.pdf";"http://ligman.me/1ewwcq6";"0.3MB"
"PerCoreLicensing_Definitions_VLBrief.pdf";"http://ligman.me/1H1MFKr";"0.5MB"
"Downgrade_Rights.pdf";"http://ligman.me/1pxniH4";"0.2MB"
"Quick_Start_Guide_Giving_student_access_to_e-Learning.pdf";"http://ligman.me/1dG2ZZ9";"1.9MB"
"<unavailable>";"http://ligman.me/29v9igV";"<null>"
"surface-pro-4-user-guide-EN.pdf";"http://ligman.me/29hofVk";"1.2MB"
"693821EBOOK.PDF";"http://ligman.me/29idcee";"10.6MB"
"693821EBOOK.XPS";"http://ligman.me/29rOvx0";"22.7MB"
"MICROSOFT_PRESS_EBOOK_MOVING_TO_VISUAL_STUDIO_2010_MOBI.MOBI";"http://ligman.me/29ctkki";"15.3MB"
"MOVING TO MICROSOFT VISUAL STUDIO 2010 EBOOK.PDF";"http://ligman.me/29okalt";"18.2MB"
"surface-book-user-guide-EN.pdf";"http://ligman.me/29i2CEe";"1.4MB"
"693616EBOOK.PDF";"http://ligman.me/29FT71n";"2.5MB"
"Exchange 2013 Platform Options.pdf";"http://ligman.me/29NBSj1";"0.6MB"
"Best_Practices_for_Virtualizing_and_Managing_Exchange_2013.pdf";"http://ligman.me/29H3O3o";"4MB"
"Step by Step Guide for Exchange Server 2016.pdf";"http://ligman.me/29OHLKa";"2.8MB"
"Administrating Skype for Business Server 2015 Step by Step for Anyone_REV_02.pdf";"http://ligman.me/29uHKKV";"4.1MB"
